Year,Jan,Feb,Mar,Apr,May,Jun,Jul,Aug,Sep,Oct,Nov,Dec
2029,26764.44363,32546.11613,59797.9682,49857.90238,51398.81151,47894.13603,52458.63044,42482.79211,40384.58368,38177.72332,28268.82247,33413.7016
